[
  {
    "id": "overprivileged_role_assumption",
    "title": "Over privileged role assumption between accounts",
    "summary": "A support role can assume an admin like role in another account because of a loose trust policy.",
    "context": "Two AWS style accounts where a support role was allowed to assume almost any role in the target account.",
    "steps": [
      {
        "id": 1,
        "actor": "attacker",
        "action": "compromises support IAM user in source account",
        "goal": "gain foothold"
      },
      {
        "id": 2,
        "actor": "attacker",
        "action": "uses sts AssumeRole to take over cross-account role",
        "goal": "pivot into target account"
      },
      {
        "id": 3,
        "actor": "attacker",
        "action": "uses admin like permissions to list and read sensitive data",
        "goal": "exfiltrate data"
      }
    ],
    "controls": [
      {
        "name": "Tighten role trust policy",
        "description": "Limit which principals can assume the role and require external IDs.",
        "breaks_steps": [
          2
        ]
      },
      {
        "name": "Constrain role permissions",
        "description": "Apply least privilege and deny direct access to sensitive data buckets.",
        "breaks_steps": [
          3
        ]
      }
    ]
  },
  {
    "id": "wildcard_resource_policy",
    "title": "Wildcard resource policy on storage bucket",
    "summary": "A storage policy with resource * allows reading more data than expected.",
    "context": "A team created a policy for one bucket but mistakenly used a wildcard that covers extra buckets.",
    "steps": [
      {
        "id": 1,
        "actor": "internal user",
        "action": "uses an application role with list and get on resource *",
        "goal": "access own data"
      },
      {
        "id": 2,
        "actor": "internal user",
        "action": "discovers they can read another sensitive bucket",
        "goal": "browse unrelated data"
      }
    ],
    "controls": [
      {
        "name": "Resource scoping review",
        "description": "Check policies for resource wildcards and replace them with explicit ARNs.",
        "breaks_steps": [
          2
        ]
      }
    ]
  }
]