subject,body,from_addr,has_reply_to,label
"Your account will be closed","We detected unusual activity. Verify your account now by clicking this link.","support@secure-check.com",1,phishing
"Urgent: Payroll update needed","Please upload your bank details to the attached portal.","hr-payroll@company-updates.com",1,phishing
"Win a free iPhone","You have been selected! Click to claim your prize now.","promo@random-luck.com",0,phishing
"Meeting tomorrow","Hi, just confirming our standup at 10:00 tomorrow in room 3.12.","teammate@company.com",0,legit
"Invoice attached","Please find the invoice for last month attached. Let me know if anything looks off.","finance@vendor.com",0,legit
"Welcome to the platform","Thanks for signing up, here are a few tips to get started.","no-reply@service.com",0,legit
"Security alert","Somebody tried to login to your account. Log in directly from our homepage to review.","security@fake-bank.com",1,phishing
"Password reset","Here is the password reset link you requested. If it was not you, ignore this email.","no-reply@real-service.com",0,legit
