{
  "scenarios": [
    {
      "id": "privileged_app",
      "title": "Privileged container",
      "risk": "Container runs with full privileges which can blur the isolation boundary.",
      "questions": [
        "What capabilities does a privileged container get that a normal one does not?",
        "On which hosts, if any, would we ever accept this setting?",
        "How could we redesign this service to avoid needing privileged mode?"
      ]
    },
    {
      "id": "docker_sock_app",
      "title": "Access to Docker socket",
      "risk": "Container has access to /var/run/docker.sock which can often be used to control the Docker daemon.",
      "questions": [
        "Why is access to the Docker socket considered as powerful as root on the host?",
        "Are there safer ways to give a service access to container orchestration?",
        "How could we restrict or proxy this functionality?"
      ]
    },
    {
      "id": "host_mount_app",
      "title": "Host filesystem mount",
      "risk": "Container can browse the host filesystem under /host (read only in this demo).",
      "questions": [
        "Even if a mount is read only, what information leakage risks does it create?",
        "What would change if this mount were read write?",
        "What principle of least privilege violations do you see here?"
      ]
    }
  ]
}