[
  {
    "source": "breach_export_tool",
    "email": "dania@example.com",
    "username": "dania_dev",
    "breach": "ExampleForum 2018",
    "data_classes": [
      "Email addresses",
      "Usernames",
      "Passwords"
    ],
    "password_hashed": true,
    "password_salted": true,
    "first_seen_year": 2019
  },
  {
    "source": "breach_export_tool",
    "email": "dania@example.com",
    "username": "",
    "breach": "ShoppingSite 2021",
    "data_classes": [
      "Email addresses",
      "Passwords",
      "Phone numbers"
    ],
    "password_hashed": false,
    "password_salted": false,
    "first_seen_year": 2021
  },
  {
    "source": "breach_export_tool",
    "email": "alt@example.com",
    "username": "dania_alt",
    "breach": "OldForum 2014",
    "data_classes": [
      "Usernames",
      "IP addresses"
    ],
    "password_hashed": true,
    "password_salted": false,
    "first_seen_year": 2016
  }
]