{
  "assets": [
    {
      "id": "internet",
      "kind": "external",
      "internet_exposed": true,
      "holds_sensitive_data": false
    },
    {
      "id": "lb",
      "kind": "load_balancer",
      "internet_exposed": true,
      "holds_sensitive_data": false
    },
    {
      "id": "web01",
      "kind": "vm",
      "internet_exposed": false,
      "holds_sensitive_data": false
    },
    {
      "id": "app01",
      "kind": "vm",
      "internet_exposed": false,
      "holds_sensitive_data": false
    },
    {
      "id": "db01",
      "kind": "database",
      "internet_exposed": false,
      "holds_sensitive_data": true
    }
  ],
  "edges": [
    {
      "src": "internet",
      "dst": "lb",
      "protocol": "tcp",
      "port": 443
    },
    {
      "src": "lb",
      "dst": "web01",
      "protocol": "tcp",
      "port": 443
    },
    {
      "src": "web01",
      "dst": "app01",
      "protocol": "tcp",
      "port": 8080
    },
    {
      "src": "app01",
      "dst": "db01",
      "protocol": "tcp",
      "port": 5432
    }
  ]
}