[
  {
    "id": "finding_1",
    "cve": "CVE-2024-0001",
    "asset": "web01",
    "cvss": 9.1,
    "has_known_exploit": true,
    "internet_facing": true,
    "holds_customer_data": false,
    "business_criticality": "high"
  },
  {
    "id": "finding_2",
    "cve": "CVE-2023-1234",
    "asset": "db01",
    "cvss": 8.0,
    "has_known_exploit": false,
    "internet_facing": false,
    "holds_customer_data": true,
    "business_criticality": "high"
  },
  {
    "id": "finding_3",
    "cve": "CVE-2022-2222",
    "asset": "internal-app",
    "cvss": 6.5,
    "has_known_exploit": false,
    "internet_facing": false,
    "holds_customer_data": false,
    "business_criticality": "medium"
  },
  {
    "id": "finding_4",
    "cve": "CVE-2021-0004",
    "asset": "legacy-system",
    "cvss": 4.2,
    "has_known_exploit": false,
    "internet_facing": false,
    "holds_customer_data": false,
    "business_criticality": "low"
  }
]