[
  {
    "name": "fastjson",
    "version": "1.2.3",
    "direct": true,
    "critical": true,
    "known_vulns": 3,
    "last_release_year": 2016,
    "transitive_depth": 1
  },
  {
    "name": "web-framework-x",
    "version": "4.5.0",
    "direct": true,
    "critical": true,
    "known_vulns": 0,
    "last_release_year": 2024,
    "transitive_depth": 0
  },
  {
    "name": "logging-lib",
    "version": "0.9.1",
    "direct": false,
    "critical": false,
    "known_vulns": 1,
    "last_release_year": 2019,
    "transitive_depth": 3
  },
  {
    "name": "old-xml-parser",
    "version": "2.0.0",
    "direct": false,
    "critical": true,
    "known_vulns": 2,
    "last_release_year": 2014,
    "transitive_depth": 4
  }
]