timestamp,host,event_type,severity,description
2025-02-01T10:00:00,10.0.0.5,Brute force SSH,7.5,Multiple failed SSH login attempts from 203.0.113.10
2025-02-01T10:05:00,10.0.0.5,Brute force SSH,7.0,Further failed SSH attempts from 203.0.113.10
2025-02-01T11:15:00,10.0.0.8,Port scan,5.0,Horizontal port scan detected from 198.51.100.22
2025-02-01T12:30:00,10.0.0.10,Suspicious DNS,6.0,High volume of DNS queries to suspicious domain
2025-02-01T13:00:00,10.0.0.5,Suspicious outbound,8.0,Outbound connection to known C2 IP
