[
  {
    "service": "github",
    "username": "dania_dev",
    "mfa_method": "totp",
    "backup_codes": true,
    "security_keys": 1,
    "phone_sms_enabled": false,
    "email_only": false,
    "last_review_year": 2025
  },
  {
    "service": "personal_email",
    "username": "dania.mail",
    "mfa_method": "sms",
    "backup_codes": false,
    "security_keys": 0,
    "phone_sms_enabled": true,
    "email_only": false,
    "last_review_year": 2022
  },
  {
    "service": "legacy_forum",
    "username": "dania_old",
    "mfa_method": "none",
    "backup_codes": false,
    "security_keys": 0,
    "phone_sms_enabled": false,
    "email_only": true,
    "last_review_year": 2019
  }
]