{
  "jobs": [
    {
      "id": "lint",
      "runs_untrusted_code": true,
      "publishes_artifact": false,
      "privileged": false,
      "depends_on": []
    },
    {
      "id": "build",
      "runs_untrusted_code": false,
      "publishes_artifact": true,
      "privileged": false,
      "depends_on": [
        "lint"
      ]
    },
    {
      "id": "integration_tests",
      "runs_untrusted_code": false,
      "publishes_artifact": false,
      "privileged": true,
      "depends_on": [
        "build"
      ]
    },
    {
      "id": "deploy",
      "runs_untrusted_code": false,
      "publishes_artifact": true,
      "privileged": true,
      "depends_on": [
        "integration_tests"
      ]
    }
  ]
}