[
  {
    "path": "model_v1.bin",
    "sha256": "60d3d27d2d8e1acf0379b66e61df21491c73dc49a6f698e938aa84de2ae68e51",
    "metadata": {
      "model_name": "demo-model",
      "version": "1"
    }
  },
  {
    "path": "tokenizer.json",
    "sha256": "02f4b8930fa79ce0488ce12a8ab41acaf68c5159922d612b70b03889bb0f20c5",
    "metadata": {
      "type": "tokenizer"
    }
  },
  {
    "path": "missing_model.bin",
    "sha256": "0000000000000000000000000000000000000000000000000000000000000000",
    "metadata": {
      "model_name": "missing"
    }
  }
]