{
  "cases": [
    {
      "client_id": "public-spa-1",
      "flow": "implicit",
      "app_type": "spa",
      "scopes": [
        "openid",
        "profile",
        "payments:write"
      ],
      "token_in_url": true,
      "token_lifetime_minutes": 120
    },
    {
      "client_id": "mobile-app-2",
      "flow": "authorization_code_pkce",
      "app_type": "mobile",
      "scopes": [
        "openid",
        "profile"
      ],
      "token_in_url": false,
      "token_lifetime_minutes": 20
    },
    {
      "client_id": "backend-service-1",
      "flow": "client_credentials",
      "app_type": "backend",
      "scopes": [
        "admin:all",
        "accounts:read",
        "payments:write",
        "logs:read"
      ],
      "token_in_url": false,
      "token_lifetime_minutes": 180
    },
    {
      "client_id": "legacy-web-1",
      "flow": "implicit",
      "app_type": "spa",
      "scopes": [
        "openid",
        "profile"
      ],
      "token_in_url": false,
      "token_lifetime_minutes": 10
    }
  ]
}