{
  "nodes": [
    {
      "id": "UserAlice",
      "type": "user"
    },
    {
      "id": "UserBob",
      "type": "user"
    },
    {
      "id": "RoleReadOnly",
      "type": "role"
    },
    {
      "id": "RoleAdmin",
      "type": "role"
    },
    {
      "id": "RoleS3ReadWrite",
      "type": "role"
    },
    {
      "id": "S3BucketSensitive",
      "type": "resource"
    },
    {
      "id": "DynamoAuditTable",
      "type": "resource"
    }
  ],
  "edges": [
    {
      "from": "UserAlice",
      "to": "RoleReadOnly",
      "type": "assume-role"
    },
    {
      "from": "UserAlice",
      "to": "RoleS3ReadWrite",
      "type": "assume-role"
    },
    {
      "from": "UserBob",
      "to": "RoleReadOnly",
      "type": "assume-role"
    },
    {
      "from": "RoleReadOnly",
      "to": "DynamoAuditTable",
      "type": "dynamodb:Read"
    },
    {
      "from": "RoleS3ReadWrite",
      "to": "S3BucketSensitive",
      "type": "s3:ReadWrite"
    },
    {
      "from": "RoleAdmin",
      "to": "RoleS3ReadWrite",
      "type": "sts:AssumeRole"
    }
  ]
}