{
  "base_image": "python:3.12-slim",
  "packages": [
    {
      "name": "flask",
      "version": "2.0.0",
      "category": "framework"
    },
    {
      "name": "requests",
      "version": "2.31.0",
      "category": "runtime"
    },
    {
      "name": "bash",
      "version": "5.1",
      "category": "utility"
    },
    {
      "name": "curl",
      "version": "7.68.0",
      "category": "utility"
    },
    {
      "name": "telnet",
      "version": "0.17",
      "category": "utility"
    },
    {
      "name": "openssh-client",
      "version": "1.0",
      "category": "utility"
    }
  ]
}