{
  "functions": [
    {
      "name": "public_contact_form",
      "runtime": "python3.11",
      "public": true,
      "env": {
        "DB_PASSWORD": "supersecret123",
        "STAGE": "prod"
      },
      "iam_actions": [
        "lambda:InvokeFunction",
        "*"
      ],
      "touches_sensitive_data": true
    },
    {
      "name": "internal_metrics_aggregator",
      "runtime": "nodejs18.x",
      "public": false,
      "env": {
        "API_KEY_PLACEHOLDER": "placeholder"
      },
      "iam_actions": [
        "cloudwatch:PutMetricData"
      ],
      "touches_sensitive_data": false
    }
  ]
}