id,source,severity,rule,message
1,ids,high,BRUTE_FORCE,"Multiple failed logins from 10.0.0.5 to ssh"
2,ids,high,BRUTE_FORCE,"Several failed ssh login attempts from 10.0.0.5"
3,siem,medium,SUSPICIOUS_DNS,"Unusual DNS query to long-random-domain.example"
4,siem,medium,SUSPICIOUS_DNS,"DNS query with very long subdomain from host desktop-1"
5,edr,low,PROCESS_SPAWN,"Word spawning cmd.exe on workstation-7"
6,edr,low,PROCESS_SPAWN,"Excel started powershell on laptop-3"
7,fw,medium,PORT_SCAN,"Possible port scan detected from 203.0.113.10"
8,fw,medium,PORT_SCAN,"Sequential connections on multiple ports from 203.0.113.10"
