{
  "scenarios": [
    {
      "id": "cryptojacking_open_sg",
      "title": "Cryptojacking from open security group",
      "misconfig_summary": "Compute instance security group allows inbound management port from the entire internet with weak hardening.",
      "steps": [
        "Misconfigured security group exposes management port to the whole internet.",
        "Automated scanner finds the open port and attempts default credentials.",
        "Attacker gains shell access on the instance.",
        "Attacker downloads and runs a cryptocurrency miner.",
        "CPU usage and network traffic increase significantly over time."
      ],
      "controls": [
        {
          "id": "restrict_sg_cidr",
          "description": "Restrict inbound management access to a small set of trusted source ranges.",
          "breaks_step": 1
        },
        {
          "id": "harden_image_baseline",
          "description": "Use a hardened image with disabled password auth and minimal exposed services.",
          "breaks_step": 2
        },
        {
          "id": "cpu_anomaly_alerting",
          "description": "Enable monitoring and alerts for unusual sustained CPU spikes on instances.",
          "breaks_step": 5
        }
      ]
    },
    {
      "id": "public_bucket_data_leak",
      "title": "Public storage bucket and document exposure",
      "misconfig_summary": "Bucket permissions allow public read and sensitive documents are stored without review.",
      "steps": [
        "Bucket is created with public read permission.",
        "Internal documents are uploaded into the bucket.",
        "Search engines or internet scanners discover the bucket.",
        "Documents are accessed and copied by external parties."
      ],
      "controls": [
        {
          "id": "block_public_access",
          "description": "Use a storage level setting that blocks all public access by default.",
          "breaks_step": 1
        },
        {
          "id": "sensitive_data_labeling",
          "description": "Tag and classify documents and prevent sensitive labels from being stored in public locations.",
          "breaks_step": 2
        },
        {
          "id": "access_logging_review",
          "description": "Enable access logging and review unusual access patterns for buckets.",
          "breaks_step": 4
        }
      ]
    },
    {
      "id": "overprivileged_iam_key",
      "title": "Over permissive long lived key used for data download",
      "misconfig_summary": "Access key has star permissions and is not rotated or monitored.",
      "steps": [
        "Access key with broad star permissions is created for convenience.",
        "Key is stored in a local configuration file or script.",
        "The file with the key is accidentally pushed to a public repository.",
        "External actor discovers the key and starts calling the API.",
        "Actor lists data resources and downloads a large volume of objects."
      ],
      "controls": [
        {
          "id": "least_privilege_policy",
          "description": "Replace star permissions with narrowly scoped least privilege policies.",
          "breaks_step": 5
        },
        {
          "id": "short_lived_credentials",
          "description": "Use short lived credentials with rotation rather than long lived keys.",
          "breaks_step": 4
        },
        {
          "id": "key_leak_detection",
          "description": "Monitor public repositories for leaked keys and revoke them quickly.",
          "breaks_step": 4
        }
      ]
    }
  ]
}