{
  "process_events": [
    {
      "ts": "2025-01-01T10:00:00",
      "exe": "/usr/bin/python",
      "args": "app.py"
    },
    {
      "ts": "2025-01-01T10:05:00",
      "exe": "/bin/bash",
      "args": "-c 'curl http://example.com'"
    }
  ],
  "file_events": [
    {
      "ts": "2025-01-01T10:02:00",
      "path": "/var/log/app.log",
      "op": "write"
    },
    {
      "ts": "2025-01-01T10:03:00",
      "path": "/etc/shadow",
      "op": "write"
    }
  ],
  "net_events": [
    {
      "ts": "2025-01-01T10:04:00",
      "dst_ip": "198.51.100.10",
      "dst_port": 443
    },
    {
      "ts": "2025-01-01T10:06:00",
      "dst_ip": "203.0.113.99",
      "dst_port": 22
    }
  ]
}