[
  {
    "id": 1,
    "action": "allow",
    "src": "10.0.0.0/24",
    "dst": "10.0.1.10",
    "protocol": "tcp",
    "port": "22"
  },
  {
    "id": 2,
    "action": "allow",
    "src": "10.0.0.5",
    "dst": "10.0.1.20",
    "protocol": "tcp",
    "port": "443"
  },
  {
    "id": 3,
    "action": "allow",
    "src": "10.0.0.5",
    "dst": "10.0.1.20",
    "protocol": "tcp",
    "port": "443"
  },
  {
    "id": 4,
    "action": "allow",
    "src": "any",
    "dst": "any",
    "protocol": "any",
    "port": "any"
  },
  {
    "id": 5,
    "action": "deny",
    "src": "0.0.0.0/0",
    "dst": "10.0.1.30",
    "protocol": "tcp",
    "port": "3389"
  },
  {
    "id": 6,
    "action": "allow",
    "src": "10.0.0.0/24",
    "dst": "10.0.2.0/24",
    "protocol": "tcp",
    "port": "80"
  }
]