[
  {
    "question": "What is the safest way to handle a suspicious email link?",
    "options": [
      "Click it quickly to see what it is",
      "Forward it to everyone",
      "Report it and avoid clicking",
      "Reply asking if it is safe"
    ],
    "answer": 2
  },
  {
    "question": "Which password is stronger?",
    "options": [
      "password123",
      "Summer2024",
      "D4nia!LikesSecurity",
      "123456"
    ],
    "answer": 2
  },
  {
    "question": "What is multi-factor authentication (MFA)?",
    "options": [
      "Using a long password",
      "Using more than one verification factor",
      "Sharing a password with a friend",
      "Logging in twice"
    ],
    "answer": 1
  }
]