[
  {
    "id": "alert_1",
    "model": "risk_model_v1",
    "outcome": "high_risk",
    "score": 0.93,
    "parent_id": null,
    "features": [
      {
        "name": "failed_logins",
        "value": 12,
        "contribution": 0.4
      },
      {
        "name": "geo_impossible_travel",
        "value": 1,
        "contribution": 0.35
      },
      {
        "name": "new_device",
        "value": 1,
        "contribution": 0.18
      }
    ]
  },
  {
    "id": "alert_2",
    "model": "risk_model_v1",
    "outcome": "medium_risk",
    "score": 0.67,
    "parent_id": "alert_1",
    "features": [
      {
        "name": "failed_logins",
        "value": 3,
        "contribution": 0.12
      },
      {
        "name": "geo_impossible_travel",
        "value": 0,
        "contribution": 0.0
      },
      {
        "name": "new_device",
        "value": 0,
        "contribution": -0.05
      }
    ]
  }
]