{
  "identities": [
    {
      "id": "user.alice",
      "kind": "user",
      "is_admin": false
    },
    {
      "id": "role.support",
      "kind": "role",
      "is_admin": false
    },
    {
      "id": "role.data",
      "kind": "role",
      "is_admin": false
    },
    {
      "id": "role.admin",
      "kind": "role",
      "is_admin": true
    }
  ],
  "edges": [
    {
      "src": "user.alice",
      "dst": "role.support",
      "type": "assume_role"
    },
    {
      "src": "role.support",
      "dst": "role.data",
      "type": "assume_role"
    },
    {
      "src": "role.data",
      "dst": "role.admin",
      "type": "assume_role"
    }
  ]
}