timestamp,src_ip,qname,qtype,size,label
2025-01-01T10:00:00,10.0.0.5,google.com,A,60,normal
2025-01-01T10:00:05,10.0.0.5,api.github.com,A,70,normal
2025-01-01T10:00:10,10.0.0.8,a1b2c3d4e5f6.example.com,A,110,tunnel
2025-01-01T10:00:15,10.0.0.8,zx9vq3plmnd8as7d1kf0.data.example.com,A,130,tunnel
2025-01-01T10:00:20,10.0.0.6,news.ycombinator.com,A,75,normal
2025-01-01T10:00:25,10.0.0.7,very.long.sub.domain.name.internal.local,A,90,normal
2025-01-01T10:00:30,10.0.0.9,amazon.com,A,65,normal
2025-01-01T10:00:35,10.0.0.8,ldkf93mdldk3md93md93md93.example.net,A,140,tunnel
