{
  "apps": [
    {
      "name": "app-hr",
      "cookie": {
        "name": "SSO_SESSION",
        "domain": ".corp.internal",
        "secure": false,
        "http_only": true,
        "same_site": "None"
      }
    },
    {
      "name": "app-finance",
      "cookie": {
        "name": "SSO_SESSION",
        "domain": ".corp.internal",
        "secure": true,
        "http_only": true,
        "same_site": "Lax"
      }
    }
  ],
  "scenarios": [
    {
      "id": "S1",
      "description": "Attacker controls blog.corp.internal and sniffs Wi-Fi.",
      "victim_app": "app-hr",
      "attacker_origin": "https://blog.corp.internal",
      "mixed_content": false,
      "network_sniffing": true
    },
    {
      "id": "S2",
      "description": "Attacker on external site, victim logs into finance app over HTTPS.",
      "victim_app": "app-finance",
      "attacker_origin": "https://evil.example.com",
      "mixed_content": false,
      "network_sniffing": false
    }
  ]
}