{
  "firewall_rules": [
    {
      "id": "fw1",
      "resource": "web_sg",
      "direction": "ingress",
      "cidr": "0.0.0.0/0",
      "port": "80",
      "action": "allow"
    },
    {
      "id": "fw2",
      "resource": "admin_sg",
      "direction": "ingress",
      "cidr": "198.51.100.10/32",
      "port": "22",
      "action": "allow"
    },
    {
      "id": "fw3",
      "resource": "db_sg",
      "direction": "ingress",
      "cidr": "10.0.0.0/24",
      "port": "5432",
      "action": "allow"
    }
  ],
  "iam_policies": [
    {
      "id": "iam1",
      "principal": "app_role",
      "action": "s3:GetObject",
      "resource": "bucket_a/*",
      "effect": "Allow"
    },
    {
      "id": "iam2",
      "principal": "admin_role",
      "action": "s3:*",
      "resource": "*",
      "effect": "Allow"
    }
  ],
  "registry_keys": [
    {
      "id": "reg1",
      "path": "HKLM\\Software\\Example",
      "name": "SecureMode",
      "value": "0"
    }
  ]
}