[
  {
    "id": "pod_breakout",
    "title": "Pod Breakout to Node",
    "summary": "A privileged pod allows host filesystem access.",
    "steps": [
      {
        "id": 1,
        "actor": "attacker",
        "action": "execs into privileged pod",
        "goal": "gain foothold"
      },
      {
        "id": 2,
        "actor": "attacker",
        "action": "mounts host root",
        "goal": "access node"
      },
      {
        "id": 3,
        "actor": "attacker",
        "action": "reads service account tokens",
        "goal": "pivot cluster"
      }
    ],
    "controls": [
      {
        "name": "Disable privileged pods",
        "breaks": [
          1
        ]
      },
      {
        "name": "Restrict hostPath",
        "breaks": [
          2
        ]
      }
    ]
  }
]